meeting_airport,total_cost,path1,cost1,path2,cost2,path3,cost3
ORD,444,MSP->ORD,89,LAX->ORD,149,HOU->ORD,206
MSP,490,MSP,0,LAX->DEN->MSP,222,HOU->MSP,268
DEN,494,MSP->DEN,106,LAX->DEN,116,HOU->DSM->DEN,272
LAX,520,MSP->DEN->LAX,222,LAX,0,HOU->BOI->SEA->LAX,298
SEA,527,MSP->SEA,229,LAX->SEA,74,HOU->BOI->SEA,224
BOI,535,MSP->DEN->BOI,237,LAX->SEA->BOI,126,HOU->BOI,172
DSM,564,MSP->ORD->DSM,178,LAX->DSM,221,HOU->DSM,165
HOU,566,MSP->HOU,268,LAX->SEA->BOI->HOU,298,HOU,0
DTW,587,MSP->ORD->DTW,175,LAX->ORD->DTW,235,HOU->DTW,177
EWR,598,MSP->EWR,150,LAX->EWR,162,HOU->ATL->EWR,286
SFO,607,MSP->DEN->SFO,243,LAX->SFO,77,HOU->BOI->SEA->SFO,287
SJC,610,MSP->DEN->SJC,218,LAX->SJC,105,HOU->BOI->SEA->SJC,287
PSP,618,MSP->DEN->PSP,242,LAX->SFO->PSP,175,HOU->PSP,201
PDX,620,MSP->DEN->PDX,236,LAX->SEA->PDX,117,HOU->BOI->SEA->PDX,267
GRR,621,MSP->ORD->GRR,148,LAX->ORD->GRR,208,HOU->ORD->GRR,265
SAN,623,MSP->DEN->SAN,273,LAX->SAN,58,HOU->BOI->SAN,292
SMF,627,MSP->DEN->SMF,234,LAX->SMF,108,HOU->BOI->SEA->SMF,285
JFK,629,MSP->ORD->JFK,183,LAX->JFK,182,HOU->ATL->JFK,264
DAY,630,MSP->ORD->DAY,188,LAX->ORD->DAY,248,HOU->DAY,194
MFR,634,MSP->MFR,238,LAX->MFR,120,HOU->BOI->SEA->MFR,276
PHX,635,MSP->DEN->PHX,246,LAX->PHX,86,HOU->BOI->SEA->PHX,303
IAH,637,MSP->IAH,158,LAX->IAH,148,HOU->ATL->IAH,331
LAS,637,MSP->ORD->LAS,269,LAX->LAS,74,HOU->BOI->SEA->LAS,294
MKE,642,MSP->ORD->MKE,156,LAX->ORD->MKE,216,HOU->MKE,270
SAT,642,MSP->ORD->SAT,219,LAX->SAT,113,HOU->SAT,310
AUS,643,MSP->DEN->AUS,232,LAX->AUS,101,HOU->AUS,310
RNO,646,MSP->DEN->RNO,240,LAX->RNO,97,HOU->RNO,309
PIA,651,MSP->ORD->PIA,158,LAX->ORD->PIA,218,HOU->ORD->PIA,275
MSN,651,MSP->ORD->MSN,158,LAX->ORD->MSN,218,HOU->ORD->MSN,275
GEG,658,MSP->SEA->GEG,276,LAX->SEA->GEG,121,HOU->GEG,261
PSC,662,MSP->SEA->PSC,274,LAX->SEA->PSC,119,HOU->BOI->SEA->PSC,269
BWI,664,MSP->BWI,168,LAX->BWI,178,HOU->ORD->BWI,318
COS,665,MSP->COS,188,LAX->DEN->COS,204,HOU->COS,273
BZN,667,MSP->ORD->BZN,253,LAX->SEA->BZN,132,HOU->BOI->SEA->BZN,282
EUG,668,MSP->SEA->EUG,276,LAX->SEA->EUG,121,HOU->BOI->SEA->EUG,271
RDM,668,MSP->SEA->RDM,276,LAX->SEA->RDM,121,HOU->BOI->SEA->RDM,271
CLE,671,MSP->ORD->CLE,190,LAX->ORD->CLE,250,HOU->CLE,231
IND,678,MSP->ORD->IND,167,LAX->ORD->IND,227,HOU->ORD->IND,284
MLI,681,MSP->ORD->MLI,168,LAX->ORD->MLI,228,HOU->ORD->MLI,285
CID,684,MSP->ORD->CID,169,LAX->ORD->CID,229,HOU->ORD->CID,286
CLT,689,MSP->ORD->CLT,186,LAX->ORD->CLT,246,HOU->CLT,257
LIT,695,MSP->LIT,279,LAX->LIT,246,HOU->LIT,170
OMA,698,MSP->DEN->OMA,194,LAX->OMA,190,HOU->ORD->OMA,314
AMA,699,MSP->AMA,277,LAX->AMA,210,HOU->AMA,212
TUS,699,MSP->TUS,274,LAX->TUS,119,HOU->BOI->SEA->TUS,306
BOS,707,MSP->ORD->BOS,214,LAX->BOS,224,HOU->DTW->BOS,269
FNT,708,MSP->ORD->FNT,177,LAX->ORD->FNT,237,HOU->ORD->FNT,294
LBB,709,MSP->LBB,242,LAX->LBB,270,HOU->LBB,197
ONT,711,MSP->ONT,265,LAX->SEA->ONT,148,HOU->BOI->SEA->ONT,298
MCI,717,MSP->ORD->MCI,208,LAX->MCI,184,HOU->ORD->MCI,325
ATL,718,MSP->EWR->ATL,280,LAX->MFE->ATL,282,HOU->ATL,156
BUF,718,MSP->ORD->BUF,201,LAX->ORD->BUF,261,HOU->BUF,256
BDL,719,MSP->ORD->BDL,270,LAX->BDL,144,HOU->BDL,305
TVC,723,MSP->ORD->TVC,182,LAX->ORD->TVC,242,HOU->ORD->TVC,299
PIT,726,MSP->ORD->PIT,193,LAX->PIT,223,HOU->ORD->PIT,310
ORF,726,MSP->ORD->ORF,203,LAX->ORD->ORF,263,HOU->ORF,260
FWA,732,MSP->ORD->FWA,185,LAX->ORD->FWA,245,HOU->ORD->FWA,302
SLC,732,MSP->DEN->SLC,226,LAX->SEA->SLC,178,HOU->BOI->SEA->SLC,328
ATW,732,MSP->ORD->ATW,185,LAX->ORD->ATW,245,HOU->ORD->ATW,302
OKC,737,MSP->ORD->OKC,211,LAX->ORD->OKC,271,HOU->OKC,255
SNA,740,MSP->DEN->SNA,294,LAX->SEA->SNA,148,HOU->SNA,298
PWM,741,MSP->ORD->PWM,243,LAX->PWM,269,HOU->PWM,229
GRB,741,MSP->ORD->GRB,188,LAX->ORD->GRB,248,HOU->ORD->GRB,305
ABQ,743,MSP->DEN->ABQ,231,LAX->ABQ,153,HOU->ORD->ABQ,359
JNU,743,MSP->SEA->JNU,301,LAX->SEA->JNU,146,HOU->BOI->SEA->JNU,296
MFE,749,MSP->MFE,311,LAX->MFE,152,HOU->ATL->MFE,286
LEX,753,MSP->ORD->LEX,192,LAX->ORD->LEX,252,HOU->ORD->LEX,309
IAD,754,MSP->IAD,182,LAX->SEA->IAD,301,HOU->IAD,271
SBA,755,MSP->SBA,244,LAX->DEN->SBA,272,HOU->SBA,239
ROC,756,MSP->ORD->ROC,193,LAX->ORD->ROC,253,HOU->ORD->ROC,310
MCO,758,MSP->ORD->MCO,220,LAX->MCO,201,HOU->ORD->MCO,337
CMH,759,MSP->ORD->CMH,243,LAX->CMH,162,HOU->DSM->CMH,354
PBI,760,MSP->EWR->PBI,245,LAX->IAH->PBI,248,HOU->PBI,267
ALB,764,MSP->ALB,224,LAX->ORD->ALB,288,HOU->ALB,252
STL,769,MSP->ORD->STL,206,LAX->PHX->STL,240,HOU->ORD->STL,323
SDF,774,MSP->ORD->SDF,199,LAX->ORD->SDF,259,HOU->ORD->SDF,316
DCA,786,MSP->ORD->DCA,203,LAX->ORD->DCA,263,HOU->ORD->DCA,320
MYR,786,MSP->ORD->MYR,203,LAX->ORD->MYR,263,HOU->ORD->MYR,320
TPA,787,MSP->ORD->TPA,241,LAX->TPA,207,HOU->CLE->TPA,339
ANC,797,MSP->SEA->ANC,319,LAX->SEA->ANC,164,HOU->BOI->SEA->ANC,314
BNA,798,MSP->ORD->BNA,222,LAX->BNA,237,HOU->ORD->BNA,339
ICT,800,MSP->ORD->ICT,221,LAX->DEN->ICT,241,HOU->ORD->ICT,338
OAK,803,MSP->OAK,257,LAX->SEA->OAK,198,HOU->BOI->SEA->OAK,348
AVL,804,MSP->ORD->AVL,209,LAX->ORD->AVL,269,HOU->ORD->AVL,326
TUL,806,MSP->ORD->TUL,224,LAX->DEN->TUL,241,HOU->ORD->TUL,341
MTJ,806,MSP->DEN->MTJ,210,LAX->DEN->MTJ,220,HOU->DSM->DEN->MTJ,376
RSW,807,MSP->ORD->RSW,227,LAX->RSW,236,HOU->ORD->RSW,344
TYS,813,MSP->ORD->TYS,212,LAX->ORD->TYS,272,HOU->ORD->TYS,329
CVG,816,MSP->ORD->CVG,220,LAX->SEA->CVG,259,HOU->ORD->CVG,337
PHL,818,MSP->ORD->PHL,258,LAX->ORD->PHL,318,HOU->PHL,242
LGA,818,MSP->ORD->LGA,216,LAX->LGA,269,HOU->ORD->LGA,333
MDW,819,MSP->MDW,152,LAX->ORD->DTW->MDW,369,HOU->ATL->MDW,298
ASE,820,MSP->ORD->ASE,260,LAX->ASE,183,HOU->ORD->ASE,377
JAC,820,MSP->JAC,240,LAX->JAC,194,HOU->ORD->JAC,386
SPI,822,MSP->SPI,142,LAX->SPI,270,HOU->MSP->SPI,410
VPS,823,MSP->ORD->VPS,223,LAX->AUS->VPS,260,HOU->ORD->VPS,340
PVD,826,MSP->ORD->PVD,307,LAX->PVD,202,HOU->PVD,317
MAF,829,MSP->DEN->SLC->MAF,338,LAX->AUS->MAF,210,HOU->ATL->MAF,281
BUR,835,MSP->BUR,245,LAX->SFO->BUR,190,HOU->BOI->SEA->SFO->BUR,400
SYR,839,MSP->ORD->JFK->SYR,257,LAX->JFK->SYR,256,HOU->DTW->BOS->SYR,326
DFW,839,MSP->DEN->DFW,241,LAX->DEN->DFW,251,HOU->ATL->DFW,347
HSV,843,MSP->HSV,235,LAX->HSV,363,HOU->HSV,245
BGR,846,MSP->BGR,233,LAX->BGR,260,HOU->DTW->BGR,353
EVV,849,MSP->EVV,189,LAX->AUS->EVV,337,HOU->DTW->EVV,323
FAR,855,MSP->ORD->FAR,226,LAX->ORD->FAR,286,HOU->ORD->FAR,343
MSY,856,MSP->ORD->MSY,259,LAX->MSY,267,HOU->MSY,330
RIC,857,MSP->ORD->BOS->RIC,309,LAX->RIC,307,HOU->RIC,241
CHS,857,MSP->ORD->JFK->CHS,278,LAX->CHS,220,HOU->ATL->JFK->CHS,359
MIA,863,MSP->IAH->MIA,286,LAX->IAH->MIA,276,HOU->ATL->MIA,301
MHK,864,MSP->DEN->MHK,235,LAX->DEN->MHK,245,HOU->OKC->MHK,384
SRQ,864,MSP->ORD->SRQ,237,LAX->SEA->SRQ,273,HOU->ORD->SRQ,354
RDU,868,MSP->ORD->RDU,260,LAX->JFK->RDU,263,HOU->ATL->JFK->RDU,345
ELP,881,MSP->ELP,241,LAX->SFO->ELP,260,HOU->ELP,380
GPT,887,MSP->GPT,344,LAX->GPT,267,HOU->GPT,276
CRP,889,MSP->CRP,301,LAX->CRP,251,HOU->CRP,337
HRL,891,MSP->DEN->HRL,313,LAX->HRL,259,HOU->HRL,319
MOB,895,MSP->MOB,294,LAX->SEA->EUG->MOB,332,HOU->MOB,269
LGB,895,MSP->LGB,191,LAX->SFO->LGB,315,HOU->CLE->LGB,389
JAN,896,MSP->JAN,272,LAX->AUS->JAN,245,HOU->JAN,379
FLL,907,MSP->EWR->FLL,266,LAX->SFO->FLL,261,HOU->CLE->FLL,380
RAP,919,MSP->ORD->RAP,251,LAX->SAT->RAP,300,HOU->ORD->RAP,368
ECP,919,MSP->ECP,244,LAX->ECP,298,HOU->ORD->ECP,377
SBP,920,MSP->DEN->BOI->SBP,381,LAX->PHX->SBP,223,HOU->BOI->SBP,316
JAX,925,MSP->ORD->JAX,281,LAX->JFK->JAX,281,HOU->ATL->JFK->JAX,363
SAV,929,MSP->ORD->JFK->SAV,283,LAX->JFK->SAV,282,HOU->ATL->JFK->SAV,364
BHM,930,MSP->BHM,240,LAX->AUS->BHM,296,HOU->DAY->BHM,394
MRY,930,MSP->MRY,266,LAX->SEA->PDX->MRY,257,HOU->BOI->SEA->PDX->MRY,407
AEX,935,MSP->AEX,256,LAX->IAH->AEX,277,HOU->CLT->AEX,402
GRK,940,MSP->IAH->GRK,287,LAX->IAH->GRK,277,HOU->PWM->GRK,376
GSP,941,MSP->GSP,283,LAX->SAT->GSP,307,HOU->GSP,351
PNS,941,MSP->PNS,258,LAX->SAN->PNS,282,HOU->ORD->PNS,401
CHA,943,MSP->CHA,249,LAX->SEA->RDM->CHA,272,HOU->BOI->SEA->RDM->CHA,422
OAJ,949,MSP->OAJ,259,LAX->OAJ,320,HOU->RIC->OAJ,370
SHV,949,MSP->SHV,272,LAX->SAT->SHV,249,HOU->ORD->SHV,428
PHF,952,MSP->EWR->PHF,279,LAX->BDL->PHF,274,HOU->DTW->BOS->PHF,399
AZO,952,MSP->AZO,266,LAX->DSM->AZO,371,HOU->DSM->AZO,315
EWN,953,MSP->EWN,249,LAX->JFK->EWN,311,HOU->ATL->JFK->EWN,393
SGF,954,MSP->ORD->SGF,259,LAX->ORD->SGF,319,HOU->ORD->SGF,376
FCA,958,MSP->ORD->FCA,284,LAX->LAS->FCA,273,HOU->ORD->FCA,401
SAF,966,MSP->SAF,236,LAX->SAF,226,HOU->MSP->SAF,504
FAY,967,MSP->FAY,278,LAX->FAY,300,HOU->DAY->FAY,389
KOA,971,MSP->DEN->LAX->KOA,399,LAX->KOA,177,HOU->HNL->KOA,395
MBS,976,MSP->MBS,267,LAX->MBS,295,HOU->ATL->MBS,414
MGM,976,MSP->MGM,312,LAX->IAH->MGM,377,HOU->MGM,287
ISP,976,MSP->ORD->CLT->ISP,397,LAX->PHX->ISP,330,HOU->ISP,249
MHT,980,MSP->MHT,237,LAX->SAT->MHT,364,HOU->MHT,379
MEM,983,MSP->ORD->MEM,272,LAX->SAT->MEM,322,HOU->ORD->MEM,389
LIH,987,MSP->DEN->LAX->LIH,407,LAX->LIH,185,HOU->HNL->LIH,395
MDT,990,MSP->MDT,257,LAX->ORD->MDT,338,HOU->ORD->MDT,395
FAT,995,MSP->FAT,328,LAX->SAN->FAT,237,HOU->BOI->FAT,430
XNA,996,MSP->ORD->XNA,273,LAX->ORD->XNA,333,HOU->ORD->XNA,390
AGS,999,MSP->AGS,244,LAX->SEA->AGS,364,HOU->DSM->AGS,391
HNL,1004,MSP->MDW->HNL,459,LAX->HNL,249,HOU->HNL,296
EYW,1004,MSP->ORD->EYW,390,LAX->SAN->EYW,358,HOU->EYW,256
ILM,1011,MSP->ILM,282,LAX->SAN->ILM,363,HOU->ILM,366
FSD,1013,MSP->ORD->FSD,285,LAX->PHX->FSD,326,HOU->ORD->FSD,402
CHO,1013,MSP->CHO,278,LAX->SEA->ONT->CHO,301,HOU->DAY->CHO,434
SGU,1020,MSP->ORD->OKC->SGU,355,LAX->PHX->SGU,266,HOU->OKC->SGU,399
DAL,1024,MSP->DAL,315,LAX->SEA->BOI->DAL,382,HOU->ATL->DAL,327
CAE,1025,MSP->CAE,301,LAX->CMH->CAE,360,HOU->LIT->CAE,364
OGG,1026,MSP->ORD->OGG,416,LAX->KOA->OGG,245,HOU->HNL->OGG,365
ROA,1028,MSP->ROA,277,LAX->EWR->ROA,357,HOU->DTW->ROA,394
AVP,1039,MSP->ORD->AVP,313,LAX->SAN->AVP,350,HOU->PHL->AVP,376
TLH,1046,MSP->IAH->TLH,379,LAX->IAH->TLH,369,HOU->TLH,298
LCH,1046,MSP->ORD->LCH,390,LAX->SAT->LCH,324,HOU->ATL->LCH,332
HPN,1056,MSP->ORD->HPN,313,LAX->ORD->HPN,373,HOU->RIC->HPN,370
TXK,1059,MSP->ORD->TXK,299,LAX->LAS->TXK,344,HOU->ORD->TXK,416
ROW,1072,MSP->IAH->ROW,362,LAX->SAN->ROW,238,HOU->BOI->SAN->ROW,472
LYH,1074,MSP->ORD->LYH,299,LAX->ORD->LYH,359,HOU->ORD->LYH,416
SBY,1074,MSP->ORD->SBY,299,LAX->ORD->SBY,359,HOU->ORD->SBY,416
BTR,1079,MSP->BTR,304,LAX->AUS->BTR,305,HOU->DAY->BTR,470
ABI,1082,MSP->ORD->ICT->ABI,371,LAX->AUS->ABI,251,HOU->AUS->ABI,460
GSO,1084,MSP->GSO,291,LAX->AUS->GSO,397,HOU->LIT->GSO,396
GJT,1085,MSP->ORD->SAT->GJT,395,LAX->GJT,218,HOU->BOI->GJT,472
CYS,1085,MSP->DEN->CYS,303,LAX->DEN->CYS,313,HOU->DSM->DEN->CYS,469
TRI,1087,MSP->TRI,266,LAX->EWR->TRI,411,HOU->ORF->TRI,410
IDA,1088,MSP->IDA,269,LAX->IDA,306,HOU->BOI->SEA->PDX->IDA,513
BMI,1094,MSP->DEN->BMI,306,LAX->DEN->BMI,316,HOU->DSM->DEN->BMI,472
MLU,1099,MSP->IAH->MLU,360,LAX->SAT->MLU,302,HOU->OKC->MLU,437
STS,1103,MSP->DEN->PHX->STS,402,LAX->PHX->STS,242,HOU->BOI->SEA->PHX->STS,459
CRW,1112,MSP->CRW,313,LAX->PIT->CRW,370,HOU->DSM->CRW,429
SPS,1112,MSP->ORD->MKE->SPS,351,LAX->ORD->MKE->SPS,411,HOU->LBB->SPS,350
FAI,1113,MSP->ORD->FAI,325,LAX->SEA->PDX->FAI,346,HOU->ORD->FAI,442
EAT,1115,MSP->SEA->EAT,425,LAX->SEA->EAT,270,HOU->BOI->SEA->EAT,420
SUN,1118,MSP->SEA->SUN,426,LAX->SEA->SUN,271,HOU->BOI->SEA->SUN,421
LFT,1120,MSP->ORD->LFT,359,LAX->AUS->LFT,285,HOU->ORD->LFT,476
LSE,1125,MSP->COS->LSE,368,LAX->SEA->BZN->LSE,342,HOU->BOI->LSE,415
BLI,1125,MSP->SEA->BLI,435,LAX->SAN->BLI,260,HOU->BOI->SEA->BLI,430
SCE,1126,MSP->ORD->ORF->SCE,394,LAX->BOS->SCE,416,HOU->ATL->SCE,316
FSM,1127,MSP->ORD->TVC->FSM,362,LAX->SFO->FSM,347,HOU->FSM,418
COU,1128,MSP->ORD->IND->COU,317,LAX->ORD->IND->COU,377,HOU->ORD->IND->COU,434
DRO,1129,MSP->DRO,281,LAX->DRO,339,HOU->ELP->DRO,509
BIL,1136,MSP->DEN->BIL,386,LAX->BIL,267,HOU->BOI->BIL,483
MSO,1142,MSP->DEN->OMA->MSO,394,LAX->SFO->MSO,269,HOU->BOI->SEA->SFO->MSO,479
CLL,1147,MSP->ORD->DAY->CLL,389,LAX->ABQ->CLL,363,HOU->DAY->CLL,395
ITO,1153,MSP->DEN->LAX->LIH->ITO,490,LAX->LIH->ITO,268,HOU->HNL->ITO,395
CMI,1154,MSP->ORD->TYS->CMI,341,LAX->PIT->CMI,373,HOU->DTW->CMI,440
RST,1154,MSP->RST,353,LAX->RST,387,HOU->ATL->RST,414
HLN,1154,MSP->HLN,360,LAX->SFO->HLN,296,HOU->BOI->HLN,498
LAN,1156,MSP->LAN,271,LAX->ORD->LAN,417,HOU->ATL->LAN,468
HTS,1159,MSP->ORD->OKC->HTS,421,LAX->MFE->ATL->HTS,432,HOU->ATL->HTS,306
GST,1163,MSP->SEA->JNU->GST,441,LAX->SEA->JNU->GST,286,HOU->BOI->SEA->JNU->GST,436
ABE,1171,MSP->OAJ->ABE,388,LAX->AUS->ABE,407,HOU->PHL->ABE,376
SBN,1187,MSP->EWR->SBN,368,LAX->SBN,346,HOU->CLT->SBN,473
YKM,1190,MSP->SEA->YKM,450,LAX->SEA->YKM,295,HOU->BOI->SEA->YKM,445
PAE,1190,MSP->DEN->SAN->PAE,462,LAX->SAN->PAE,247,HOU->BOI->SAN->PAE,481
FLG,1193,MSP->ELP->FLG,384,LAX->AUS->FLG,300,HOU->AUS->FLG,509
YUM,1205,MSP->COS->YUM,368,LAX->DEN->COS->YUM,384,HOU->COS->YUM,453
DLH,1209,MSP->ORD->MKE->DLH,385,LAX->DLH,369,HOU->DTW->DLH,455
GNV,1219,MSP->ORD->GNV,359,LAX->GNV,384,HOU->ORD->GNV,476
BTV,1220,MSP->MDT->BTV,379,LAX->BTV,364,HOU->RIC->BTV,477
CAK,1230,MSP->OAJ->CAK,409,LAX->BDL->CAK,346,HOU->ORF->CAK,475
ALW,1235,MSP->SEA->ALW,465,LAX->SEA->ALW,310,HOU->BOI->SEA->ALW,460
LAW,1236,MSP->ORD->MSN->LAW,366,LAX->AUS->LAW,387,HOU->ORD->MSN->LAW,483
RDD,1246,MSP->DEN->PDX->RDD,466,LAX->SEA->RDD,332,HOU->BOI->RDD,448
LRD,1247,MSP->DEN->LRD,429,LAX->PHX->LRD,347,HOU->LIT->LRD,471
CWA,1250,MSP->CWA,386,LAX->SEA->SLC->CWA,424,HOU->OKC->CWA,440
DAB,1258,MSP->DAB,387,LAX->BDL->DAB,427,HOU->DAY->DAB,444
FLO,1259,MSP->ORD->OKC->FLO,443,LAX->RIC->FLO,441,HOU->RIC->FLO,375
BRO,1260,MSP->DEN->BRO,449,LAX->TUS->BRO,329,HOU->ATL->BRO,482
HDN,1260,MSP->DEN->RNO->HDN,451,LAX->PHX->HDN,296,HOU->BOI->SEA->PHX->HDN,513
BIS,1261,MSP->ORD->BIS,371,LAX->AUS->BIS,411,HOU->ATL->BIS,479
HHH,1264,MSP->BWI->HHH,368,LAX->BWI->HHH,378,HOU->ORD->BWI->HHH,518
ACT,1267,MSP->ORD->OKC->ACT,390,LAX->ACT,443,HOU->OKC->ACT,434
GTF,1271,MSP->DEN->GTF,392,LAX->SJC->GTF,361,HOU->BOI->GTF,518
SJT,1271,MSP->ORD->SJT,406,LAX->SAT->SJT,342,HOU->ORD->SJT,523
PGV,1276,MSP->ORD->AVL->PGV,377,LAX->MCO->PGV,405,HOU->ORD->AVL->PGV,494
BPT,1283,MSP->ORD->ORF->BPT,454,LAX->SAN->BPT,318,HOU->ORF->BPT,511
SIT,1286,MSP->SEA->JNU->SIT,482,LAX->SEA->JNU->SIT,327,HOU->BOI->SEA->JNU->SIT,477
BFF,1295,MSP->DEN->BFF,373,LAX->DEN->BFF,383,HOU->DSM->DEN->BFF,539
LAR,1295,MSP->DEN->LAR,373,LAX->DEN->LAR,383,HOU->DSM->DEN->LAR,539
PQI,1301,MSP->ORD->BOS->PQI,412,LAX->BOS->PQI,422,HOU->DTW->BOS->PQI,467
MLB,1302,MSP->ORD->DAY->MLB,431,LAX->MLB,434,HOU->DAY->MLB,437
EGE,1304,MSP->IAH->EGE,414,LAX->IAH->EGE,404,HOU->ATL->EGE,486
PUW,1310,MSP->SEA->PUW,490,LAX->SEA->PUW,335,HOU->BOI->SEA->PUW,485
GTR,1329,MSP->DEN->GTR,393,LAX->ABQ->GTR,385,HOU->COS->GTR,551
PSG,1331,MSP->SEA->JNU->PSG,497,LAX->SEA->JNU->PSG,342,HOU->BOI->SEA->JNU->PSG,492
GCK,1348,MSP->EWR->ATL->GCK,490,LAX->MFE->ATL->GCK,492,HOU->ATL->GCK,366
GRI,1348,MSP->EWR->ATL->GRI,490,LAX->MFE->ATL->GRI,492,HOU->ATL->GRI,366
YAK,1358,MSP->SEA->JNU->YAK,506,LAX->SEA->JNU->YAK,351,HOU->BOI->SEA->JNU->YAK,501
TYR,1360,MSP->ORD->PHL->TYR,528,LAX->SAN->TYR,320,HOU->PHL->TYR,512
WRG,1367,MSP->SEA->JNU->WRG,509,LAX->SEA->JNU->WRG,354,HOU->BOI->SEA->JNU->WRG,504
ALO,1388,MSP->ORD->PHL->ALO,448,LAX->ORD->PHL->ALO,508,HOU->PHL->ALO,432
ERI,1405,MSP->ORD->MCI->ERI,440,LAX->MCI->ERI,416,HOU->CLE->TPA->ERI,549
BFL,1407,MSP->BFL,387,LAX->PHX->BFL,451,HOU->ATL->BFL,569
MQT,1420,MSP->ORD->SDF->MQT,418,LAX->MCO->MQT,467,HOU->ORD->SDF->MQT,535
KTN,1427,MSP->SEA->JNU->KTN,529,LAX->SEA->JNU->KTN,374,HOU->BOI->SEA->JNU->KTN,524
PRC,1455,MSP->DEN->PRC,483,LAX->PRC,337,HOU->BOI->SEA->LAX->PRC,635
HYS,1475,MSP->DEN->HYS,433,LAX->DEN->HYS,443,HOU->DSM->DEN->HYS,599
GCC,1475,MSP->DEN->GCC,433,LAX->DEN->GCC,443,HOU->DSM->DEN->GCC,599
DDC,1475,MSP->DEN->DDC,433,LAX->DEN->DDC,443,HOU->DSM->DEN->DDC,599
SUX,1475,MSP->DEN->SUX,433,LAX->DEN->SUX,443,HOU->DSM->DEN->SUX,599
RKS,1475,MSP->DEN->RKS,433,LAX->DEN->RKS,443,HOU->DSM->DEN->RKS,599
VRB,1483,MSP->ORD->PVD->VRB,526,LAX->PVD->VRB,421,HOU->PVD->VRB,536
SHR,1505,MSP->DEN->SHR,443,LAX->DEN->SHR,453,HOU->DSM->DEN->SHR,609
RIW,1505,MSP->DEN->RIW,443,LAX->DEN->RIW,453,HOU->DSM->DEN->RIW,609
SLN,1505,MSP->DEN->SLN,443,LAX->DEN->SLN,453,HOU->DSM->DEN->SLN,609
MOT,1522,MSP->ORD->MCI->MOT,502,LAX->MCI->MOT,478,HOU->ATL->MOT,542
ART,1531,MSP->IAH->ART,468,LAX->IAH->ART,458,HOU->RIC->ART,605
CDV,1550,MSP->SEA->ANC->CDV,570,LAX->SEA->ANC->CDV,415,HOU->BOI->SEA->ANC->CDV,565
JST,1555,MSP->IAD->JST,449,LAX->SEA->IAD->JST,568,HOU->IAD->JST,538
MGW,1555,MSP->IAD->MGW,449,LAX->SEA->IAD->MGW,568,HOU->IAD->MGW,538
CMX,1575,MSP->ORD->CMX,466,LAX->ORD->CMX,526,HOU->ORD->CMX,583
SWO,1584,MSP->ORD->SDF->SWO,469,LAX->ORD->SDF->SWO,529,HOU->ORD->SDF->SWO,586
BTM,1591,MSP->DEN->BTM,473,LAX->DEN->BTM,483,HOU->ATL->BTM,635
CIU,1593,MSP->ORD->CLE->CIU,506,LAX->SFO->CIU,540,HOU->CLE->CIU,547
ITH,1604,MSP->ORD->JFK->ITH,569,LAX->JFK->ITH,568,HOU->ATL->ITH,467
ORH,1606,MSP->EWR->FLL->ORH,499,LAX->SFO->FLL->ORH,494,HOU->CLE->FLL->ORH,613
XWA,1618,MSP->IAD->XWA,486,LAX->ABQ->XWA,558,HOU->ATL->XWA,574
HVN,1622,MSP->ORD->MCO->HVN,508,LAX->MCO->HVN,489,HOU->ORD->MCO->HVN,625
ADQ,1648,MSP->ORD->ADQ,590,LAX->SEA->ANC->ADQ,454,HOU->BOI->SEA->ANC->ADQ,604
BET,1664,MSP->SEA->ANC->BET,608,LAX->SEA->ANC->BET,453,HOU->BOI->SEA->ANC->BET,603
JLN,1685,MSP->DEN->JLN,503,LAX->DEN->JLN,513,HOU->DSM->DEN->JLN,669
PLN,1702,MSP->BWI->PLN,514,LAX->BWI->PLN,524,HOU->ORD->BWI->PLN,664
DLG,1715,MSP->SEA->ANC->DLG,625,LAX->SEA->ANC->DLG,470,HOU->BOI->SEA->ANC->DLG,620
AKN,1715,MSP->SEA->ANC->AKN,625,LAX->SEA->ANC->AKN,470,HOU->BOI->SEA->ANC->AKN,620
PIB,1768,MSP->IAH->PIB,535,LAX->IAH->PIB,525,HOU->ATL->IAH->PIB,708
LWS,1769,MSP->SEA->LWS,643,LAX->SEA->LWS,488,HOU->BOI->SEA->LWS,638
JMS,1775,MSP->DEN->JMS,533,LAX->DEN->JMS,543,HOU->DSM->DEN->JMS,699
RHI,1780,MSP->ORD->STL->RHI,543,LAX->PHX->STL->RHI,577,HOU->ORD->STL->RHI,660
ESC,1780,MSP->ESC,430,LAX->DEN->MSP->ESC,652,HOU->MSP->ESC,698
MEI,1798,MSP->IAH->MEI,545,LAX->IAH->MEI,535,HOU->ATL->IAH->MEI,718
DVL,1805,MSP->DEN->DVL,543,LAX->DEN->DVL,553,HOU->DSM->DEN->DVL,709
OTZ,1805,MSP->SEA->ANC->OTZ,655,LAX->SEA->ANC->OTZ,500,HOU->BOI->SEA->ANC->OTZ,650
ABY,1806,MSP->ORD->ABY,643,LAX->CHS->ABY,636,HOU->ATL->ABY,527
OME,1814,MSP->SEA->ANC->OME,658,LAX->SEA->ANC->OME,503,HOU->BOI->SEA->ANC->OME,653
PIH,1845,MSP->DEN->SLC->PIH,597,LAX->SEA->SLC->PIH,549,HOU->BOI->SEA->SLC->PIH,699
TWF,1846,MSP->DEN->TWF,597,LAX->LAS->TWF,535,HOU->BOI->SEA->SLC->TWF,714
BRW,1865,MSP->SEA->ANC->BRW,675,LAX->SEA->ANC->BRW,520,HOU->BOI->SEA->ANC->BRW,670
ELM,1880,MSP->ORD->DTW->ELM,606,LAX->ORD->DTW->ELM,666,HOU->DTW->ELM,608
DHN,1908,MSP->ORD->CLT->DHN,632,LAX->MCO->DHN,631,HOU->HSV->DHN,645
INL,1917,MSP->ORD->INL,580,LAX->ORD->INL,640,HOU->ORD->INL,697
BJI,1917,MSP->ORD->BJI,580,LAX->ORD->BJI,640,HOU->ORD->BJI,697
COD,1925,MSP->DEN->COD,583,LAX->DEN->COD,593,HOU->DSM->DEN->COD,749
BGM,1925,MSP->ORD->DTW->BGM,621,LAX->ORD->DTW->BGM,681,HOU->DTW->BGM,623
BQK,1964,MSP->ORD->BQK,673,LAX->BWI->BQK,701,HOU->ATL->BQK,590
SCC,1978,MSP->ORD->FAI->SCC,658,LAX->SEA->ANC->SCC,585,HOU->BOI->SEA->ANC->SCC,735
GFK,1996,MSP->ORD->GFK,612,LAX->DEN->GFK,655,HOU->ORD->GFK,729
GGG,2009,MSP->DEN->DFW->GGG,631,LAX->DEN->DFW->GGG,641,HOU->ATL->DFW->GGG,737
EKO,2015,MSP->DEN->EKO,613,LAX->DEN->EKO,623,HOU->DSM->DEN->EKO,779
PVU,2015,MSP->DEN->SNA->PVU,719,LAX->SEA->SNA->PVU,573,HOU->SNA->PVU,723
ACV,2019,MSP->DEN->PDX->ACV,714,LAX->SEA->PDX->ACV,595,HOU->BOI->ACV,710
VLD,2047,MSP->ORD->VLD,673,LAX->GPT->VLD,697,HOU->LIT->VLD,677
APN,2051,MSP->ORD->DCA->APN,633,LAX->ORD->DCA->APN,693,HOU->ATL->APN,725
DIK,2075,MSP->DEN->DIK,633,LAX->DEN->DIK,643,HOU->DSM->DEN->DIK,799
LNK,2180,MSP->ORD->STL->LNK,707,LAX->PHX->STL->LNK,741,HOU->LIT->LNK,732
HOB,2195,MSP->DEN->HOB,673,LAX->DEN->HOB,683,HOU->DSM->DEN->HOB,839
CPR,2224,MSP->DEN->BOI->CPR,800,LAX->SEA->BOI->CPR,689,HOU->BOI->CPR,735
ABR,2495,MSP->DEN->ABQ->ABR,815,LAX->ABQ->ABR,737,HOU->ORD->ABQ->ABR,943
IMT,2499,MSP->ORD->DCA->IMT,774,LAX->ORD->DCA->IMT,834,HOU->ORD->DCA->IMT,891
CDC,2668,MSP->IAH->CDC,835,LAX->IAH->CDC,825,HOU->ATL->IAH->CDC,1008
BRD,2804,MSP->DEN->PHX->BRD,969,LAX->PHX->BRD,809,HOU->BOI->SEA->PHX->BRD,1026
